City,n,W,p,skew
Chicago,300,0.9838918447494507,0.0018989399541169405,-0.08909075925658158
Columbus,300,0.9856783151626587,0.004415194969624281,-0.1226527551808375
Corpus Christi,300,0.9917498230934143,0.09277006983757019,0.1761284551287047
Mumbai,300,0.995622992515564,0.5651361346244812,-0.19081586477583581
New Delhi,300,0.9901657104492188,0.0412655770778656,0.28168481594549116
New York,300,0.9895452857017517,0.030068354681134224,-0.12318694877070697
San Francisco,300,0.9954835772514343,0.5360216498374939,0.11637789574701275
