City,OR_temp,OR_slp,Coef_temp,Coef_negSLP,AUC,n
Corpus Christi,0.5089739859431816,1.4395325289771506,-0.6753583719043186,0.3643184282285657,0.657362962962963,300
San Francisco,0.8440715678515628,2.4208374343223085,-0.16951799194850298,0.8841135275486813,0.7322666666666666,300
New Delhi,0.6160562902586034,1.2145630959826228,-0.4844169393336011,0.19438442034003336,0.6162962962962963,300
Chicago,0.9189121450650285,1.305635716465436,-0.08456475960211375,0.2666900612149211,0.5802666666666667,300
